{"cameraMode":{"drawMode":0,"name":"Shaded","section":"Shading Mode"},"sceneLighting":true,"audioPlay":false,"sceneViewState":{"m_AlwaysRefresh":false,"showFog":true,"showSkybox":false,"showFlares":true,"showImageEffects":true,"showParticleSystems":true,"showVisualEffectGraphs":true,"m_FxEnabled":true},"in2DMode":false,"pivot":{"x":268.09234619140627,"y":16.58334732055664,"z":88.94857788085938},"rotation":{"x":0.5604022145271301,"y":-0.007453519850969315,"z":0.0050439187325537209,"w":0.828173041343689},"size":383.54156494140627,"orthographic":true}